{
  "n_variants": 434,
  "n_consequence_match": 220,
  "consequence_concordance": 0.5069124423963134,
  "meta_mean_delta": 0.8311400109481427,
  "meta_median_delta": 0.913752019405365,
  "base_mean_delta": 0.8456096120675334,
  "base_median_delta": 0.9738549888134003,
  "meta_detection_rate_t0.1": 0.9700460829493087,
  "base_detection_rate_t0.1": 0.967741935483871,
  "meta_detection_rate_t0.2": 0.9585253456221198,
  "base_detection_rate_t0.2": 0.956221198156682,
  "meta_detection_rate_t0.5": 0.9078341013824884,
  "base_detection_rate_t0.5": 0.8894009216589862,
  "meta_detection_rate_t0.8": 0.7488479262672811,
  "base_detection_rate_t0.8": 0.7626728110599078,
  "confidence_high": 397,
  "confidence_moderate": 22,
  "confidence_low": 15,
  "by_effect_type": {
    "intron_retention": {
      "n": 427,
      "detected_t02": 410,
      "consequence_match": 218
    },
    "exon_skipping": {
      "n": 7,
      "detected_t02": 6,
      "consequence_match": 2
    }
  },
  "checkpoint": "/runpod-volume/output/meta_layer/m1s_v4_cleanannot/best.pt"
}