{
  "n_variants": 434,
  "n_consequence_match": 220,
  "consequence_concordance": 0.5069124423963134,
  "meta_mean_delta": 0.8355553582963031,
  "meta_median_delta": 0.914926677942276,
  "base_mean_delta": 0.8495820352146702,
  "base_median_delta": 0.9738549888134003,
  "meta_detection_rate_t0.1": 0.9746543778801844,
  "base_detection_rate_t0.1": 0.9723502304147466,
  "meta_detection_rate_t0.2": 0.9631336405529954,
  "base_detection_rate_t0.2": 0.9608294930875576,
  "meta_detection_rate_t0.5": 0.9124423963133641,
  "base_detection_rate_t0.5": 0.8940092165898618,
  "meta_detection_rate_t0.8": 0.7534562211981567,
  "base_detection_rate_t0.8": 0.7649769585253456,
  "confidence_high": 399,
  "confidence_moderate": 22,
  "confidence_low": 13,
  "by_effect_type": {
    "intron_retention": {
      "n": 427,
      "detected_t02": 411,
      "consequence_match": 218
    },
    "exon_skipping": {
      "n": 7,
      "detected_t02": 7,
      "consequence_match": 2
    }
  },
  "checkpoint": "/runpod-volume/output/meta_layer/m1s_v4_cleanannot/best.pt"
}