{
  "n_variants": 434,
  "n_consequence_match": 313,
  "consequence_concordance": 0.7211981566820277,
  "meta_mean_delta": 0.7316738080559513,
  "meta_median_delta": 0.7890256643295288,
  "base_mean_delta": 0.8456096120675334,
  "base_median_delta": 0.9738549888134003,
  "meta_detection_rate_t0.1": 0.988479262672811,
  "base_detection_rate_t0.1": 0.967741935483871,
  "meta_detection_rate_t0.2": 0.9792626728110599,
  "base_detection_rate_t0.2": 0.956221198156682,
  "meta_detection_rate_t0.5": 0.8778801843317973,
  "base_detection_rate_t0.5": 0.8894009216589862,
  "meta_detection_rate_t0.8": 0.4792626728110599,
  "base_detection_rate_t0.8": 0.7626728110599078,
  "confidence_high": 386,
  "confidence_moderate": 40,
  "confidence_low": 8,
  "by_effect_type": {
    "intron_retention": {
      "n": 427,
      "detected_t02": 419,
      "consequence_match": 312
    },
    "exon_skipping": {
      "n": 7,
      "detected_t02": 6,
      "consequence_match": 1
    }
  },
  "checkpoint": "/runpod-volume/output/meta_layer/m2s_v4_cleanannot/best.pt"
}